排名,日期,代码,名称,单位净值,累计净值,增长值,增长率%6,
1,2011/8/23,150031,银华中证90鑫利,0.706,0.706,0.024,3.52%,历史净值/走势图
2,2011/8/23,150023,申万深指分级进取,0.607,0.607,0.018,3.06%,历史净值/走势图
3,2011/8/23,150013,国联安中证100B,0.916,0.916,0.025,2.81%,历史净值/走势图
4,2011/8/23,150017,兴业合润分级B,1.0587,1.0587,0.0277,2.69%,历史净值/走势图
5,2011/8/23,150001,国投瑞福进取,0.545,0.77,0.014,2.64%,历史净值/走势图
6,2011/8/23,150029,信诚中证500B,0.821,0.821,0.021,2.63%,历史净值/走势图
7,2011/8/23,375010,上投中国优势,2.1432,5.2132,0.0539,2.58%,历史净值/走势图
8,2011/8/23,150019,银华锐进,1.079,1.079,0.025,2.37%,历史净值/走势图
9,2011/8/23,510230,国泰金融ETF,2.95,0.838,0.06,2.08%,历史净值/走势图
10,2011/8/23,180013,银华领先策略,1.2995,1.6795,0.0264,2.07%,历史净值/走势图
11,2011/8/23,20021,国泰金融ETF联接,0.86,0.86,0.017,2.02%,历史净值/走势图
12,2011/8/23,217019,招商深证TMT50联,0.929,0.929,0.018,1.98%,历史净值/走势图
13,2011/8/23,161606,融通行业景气,0.837,2.777,0.016,1.95%,历史净值/走势图
14,2011/8/23,410009,华富量子生命力,0.9288,0.9288,0.0176,1.93%,历史净值/走势图
15,2011/8/23,260111,景顺公司治理,1.162,1.51,0.022,1.93%,历史净值/走势图
16,2011/8/23,510030,华宝上180ETF,2.353,0.805,0.044,1.91%,历史净值/走势图
17,2011/8/23,240016,华宝上180ETF联接,0.874,0.904,0.016,1.86%,历史净值/走势图
18,2011/8/23,510090,建信责任ETF,0.877,1.046,0.016,1.86%,历史净值/走势图
19,2011/8/23,161211,国投金融地产,0.769,0.769,0.014,1.85%,历史净值/走势图
20,2011/8/23,213008,宝盈资源优选,1.0829,1.3628,0.0197,1.85%,历史净值/走势图
21,2011/8/23,310398,申万沪深300,0.776,0.776,0.014,1.84%,历史净值/走势图
22,2011/8/23,200008,长城品牌优选,0.7212,0.7212,0.013,1.84%,历史净值/走势图
23,2011/8/23,420005,天弘周期策略,1.114,1.156,0.02,1.83%,历史净值/走势图
24,2011/8/23,630010,华商价值精选,1.009,1.009,0.018,1.82%,历史净值/走势图
25,2011/8/23,180003,银华道琼斯88,0.816,2.616,0.0145,1.81%,历史净值/走势图
26,2011/8/23,160716,嘉实基本面50,0.6768,0.6768,0.012,1.81%,历史净值/走势图
27,2011/8/23,510013,交银治理ETF,0.679,0.756,0.012,1.80%,历史净值/走势图
28,2011/8/23,260112,景顺能源基建,1.134,1.149,0.02,1.80%,历史净值/走势图
29,2011/8/23,160607,鹏华价值,0.794,2.473,0.014,1.79%,历史净值/走势图
30,2011/8/23,21,华夏优势增长,1.818,2.638,0.032,1.79%,历史净值/走势图
31,2011/8/23,40011,华安核心优选,0.9951,1.4951,0.0174,1.78%,历史净值/走势图
32,2011/8/23,510190,华安上证ETF,2.246,0.861,0.039,1.77%,历史净值/走势图
33,2011/8/23,260108,景顺新兴成长,0.869,2.229,0.015,1.76%,历史净值/走势图
34,2011/8/23,162703,广发小盘,2.0314,3.3414,0.035,1.75%,历史净值/走势图
35,2011/8/23,510060,工银上证央企ETF,1.1774,0.7531,0.0201,1.74%,历史净值/走势图
36,2011/8/23,510110,海富通上证ETF,2.233,0.896,0.038,1.73%,历史净值/走势图
37,2011/8/23,290006,泰信蓝筹精选,0.8804,1.2804,0.0149,1.72%,历史净值/走势图
38,2011/8/23,530010,建信责任,1.006,1.006,0.017,1.72%,历史净值/走势图
39,2011/8/23,510180,华安180ETF,0.592,2.279,0.01,1.72%,历史净值/走势图
40,2011/8/23,510050,华夏上证50ETF,1.836,2.348,0.031,1.72%,历史净值/走势图
41,2011/8/23,519686,交银治理,0.77,0.77,0.013,1.72%,历史净值/走势图
42,2011/8/23,519671,银河沪深300,0.772,0.772,0.013,1.71%,历史净值/走势图
43,2011/8/23,163001,长信中证央企100,0.891,0.891,0.015,1.71%,历史净值/走势图
44,2011/8/23,510880,华泰柏瑞上证ETF,2.028,1.387,0.034,1.71%,历史净值/走势图
45,2011/8/23,162213,泰达中证财富,0.956,0.976,0.016,1.70%,历史净值/走势图
46,2011/8/23,270022,广发内需增长,0.961,1.061,0.016,1.69%,历史净值/走势图
47,2011/8/23,510160,南方小康指数ETF,0.3789,0.9427,0.0063,1.69%,历史净值/走势图
48,2011/8/23,161611,融通内需驱动,0.848,0.968,0.014,1.68%,历史净值/走势图
49,2011/8/23,510270,中银上证国企100ETF,0.796,0.929,0.013,1.66%,历史净值/走势图
50,2011/8/23,399001,中海上证50,0.797,0.797,0.013,1.66%,历史净值/走势图
51,2011/8/23,61,华夏盛世精选,0.863,0.863,0.014,1.65%,历史净值/走势图
52,2011/8/23,100038,富国沪深300,0.925,0.925,0.015,1.65%,历史净值/走势图
53,2011/8/23,110003,易基50指数,0.6999,2.5499,0.0113,1.64%,历史净值/走势图
54,2011/8/23,40180,华安180ETF联,0.873,0.873,0.014,1.63%,历史净值/走势图
55,2011/8/23,163406,兴业合润分级,1.0352,1.0352,0.0166,1.63%,历史净值/走势图
56,2011/8/23,40190,华安上证ETF联,0.874,0.874,0.014,1.63%,历史净值/走势图
57,2011/8/23,150011,国泰估值进取,1.003,1.003,0.016,1.62%,历史净值/走势图
58,2011/8/23,519027,海富通上证ETF联,0.819,0.819,0.013,1.61%,历史净值/走势图
59,2011/8/23,202021,南方小康,0.849,0.869,0.0134,1.60%,历史净值/走势图
60,2011/8/23,100026,富国天合,0.9496,2.3671,0.0149,1.59%,历史净值/走势图
61,2011/8/23,166005,中欧价值发现,1.021,1.021,0.016,1.59%,历史净值/走势图
62,2011/8/23,519180,万家180,0.6101,2.9501,0.0095,1.58%,历史净值/走势图
63,2011/8/23,162307,海富通中证100,0.773,0.773,0.012,1.58%,历史净值/走势图
64,2011/8/23,510210,富国上证ETF,2.577,0.882,0.04,1.58%,历史净值/走势图
65,2011/8/23,360001,光大量化核心,0.8549,2.8586,0.0131,1.56%,历史净值/走势图
66,2011/8/23,510070,鹏华民企50ETF,1.177,1.009,0.018,1.55%,历史净值/走势图
67,2011/8/23,162509,国联安中证100,0.981,0.981,0.015,1.55%,历史净值/走势图
68,2011/8/23,163808,中银中证100,0.785,0.795,0.012,1.55%,历史净值/走势图
69,2011/8/23,519987,长信恒利优势,0.851,0.851,0.013,1.55%,历史净值/走势图
70,2011/8/23,519183,万家双引擎,0.9493,1.4393,0.0145,1.55%,历史净值/走势图
71,2011/8/23,160119,南方500,1.0902,1.1602,0.0166,1.55%,历史净值/走势图
72,2011/8/23,162711,广发中证500,0.986,0.986,0.015,1.54%,历史净值/走势图
73,2011/8/23,100022,富国天瑞,0.7783,3.2779,0.0118,1.54%,历史净值/走势图
74,2011/8/23,510130,易基上证中盘ETF,2.7617,0.9499,0.0418,1.54%,历史净值/走势图
75,2011/8/23,690001,民生加银蓝筹,0.992,1.022,0.015,1.54%,历史净值/走势图
76,2011/8/23,310328,申万新动力,0.6617,2.4818,0.01,1.53%,历史净值/走势图
77,2011/8/23,460220,华泰柏瑞中小盘联,0.861,0.861,0.013,1.53%,历史净值/走势图
78,2011/8/23,160616,鹏华中证500,0.928,0.928,0.014,1.53%,历史净值/走势图
79,2011/8/23,410008,华富中证100,0.7625,0.7625,0.0115,1.53%,历史净值/走势图
80,2011/8/23,163407,兴业沪深300,0.8968,0.8968,0.0135,1.53%,历史净值/走势图
81,2011/8/23,260115,景顺中小盘,0.93,0.93,0.014,1.53%,历史净值/走势图
82,2011/8/23,160615,鹏华300,0.997,1.057,0.015,1.53%,历史净值/走势图
83,2011/8/23,161811,银华沪深300,0.865,0.865,0.013,1.53%,历史净值/走势图
84,2011/8/23,159908,博时深证200ETF,0.9145,0.9145,0.0137,1.52%,历史净值/走势图
85,2011/8/23,510220,华泰柏瑞中小盘,3.142,0.859,0.047,1.52%,历史净值/走势图
86,2011/8/23,240014,华宝中证100,0.7826,0.7826,0.0117,1.52%,历史净值/走势图
87,2011/8/23,481009,工银沪深300,0.9834,1.1784,0.0147,1.52%,历史净值/走势图
88,2011/8/23,360010,光大精选,1.0322,1.1522,0.0154,1.51%,历史净值/走势图
89,2011/8/23,660008,农银沪深300,0.8586,0.8586,0.0128,1.51%,历史净值/走势图
90,2011/8/23,233009,大摩多因子策略,1.007,1.007,0.015,1.51%,历史净值/走势图
91,2011/8/23,150007,长盛同庆B,0.873,0.873,0.013,1.51%,历史净值/走势图
92,2011/8/23,165309,建信沪深300,0.806,0.806,0.012,1.51%,历史净值/走势图
93,2011/8/23,519181,万家和谐,0.585,1.2974,0.0087,1.51%,历史净值/走势图
94,2011/8/23,70021,嘉实主题新动力,0.875,0.875,0.013,1.51%,历史净值/走势图
95,2011/8/23,270010,广发沪深300,1.212,1.502,0.018,1.51%,历史净值/走势图
96,2011/8/23,660004,农银策略价值,1.0985,1.0985,0.0163,1.51%,历史净值/走势图
97,2011/8/23,519100,长盛中证100,0.7755,1.3955,0.0115,1.51%,历史净值/走势图
98,2011/8/23,150008,国投瑞和小康,0.877,0.839,0.013,1.50%,历史净值/走势图
99,2011/8/23,161207,国投瑞和300,0.877,0.839,0.013,1.50%,历史净值/走势图
100,2011/8/23,150009,国投瑞和远见,0.877,0.839,0.013,1.50%,历史净值/走势图
101,2011/8/23,630006,华商产业升级,0.878,0.878,0.013,1.50%,历史净值/走势图
102,2011/8/23,40005,华安宏利股票,2.329,2.949,0.0344,1.50%,历史净值/走势图
103,2011/8/23,166007,中欧沪深300,0.9225,0.9675,0.0136,1.50%,历史净值/走势图
104,2011/8/23,202015,南方300,0.965,1.125,0.0142,1.49%,历史净值/走势图
105,2011/8/23,161907,万家中证红利,0.9456,0.9456,0.0139,1.49%,历史净值/走势图
106,2011/8/23,100053,富国上证ETF联,0.886,0.886,0.013,1.49%,历史净值/走势图
107,2011/8/23,160706,嘉实300,0.7364,2.6044,0.0108,1.49%,历史净值/走势图
108,2011/8/23,200002,长城久泰标普300,1.105,3.965,0.0162,1.49%,历史净值/走势图
109,2011/8/23,50002,博时沪深300,0.7716,2.7516,0.0113,1.49%,历史净值/走势图
110,2011/8/23,470007,汇添富上证指数,0.82,0.82,0.012,1.49%,历史净值/走势图
111,2011/8/23,320010,诺安中证100,0.753,0.753,0.011,1.48%,历史净值/走势图
112,2011/8/23,510260,诺安新兴ETF,0.891,0.891,0.013,1.48%,历史净值/走势图
113,2011/8/23,160613,鹏华盛世创新,1.372,1.402,0.02,1.48%,历史净值/走势图
114,2011/8/23,320014,诺安新兴ETF联,0.892,0.892,0.013,1.48%,历史净值/走势图
115,2011/8/23,40007,华安中小盘成长,1.053,2.3679,0.0153,1.47%,历史净值/走势图
116,2011/8/23,161607,融通巨潮100,0.827,2.341,0.012,1.47%,历史净值/走势图
117,2011/8/23,660005,农银中小盘,1.1273,1.1273,0.0163,1.47%,历史净值/走势图
118,2011/8/23,110020,易基300指数,0.8645,0.8645,0.0125,1.47%,历史净值/走势图
119,2011/8/23,11,华夏大盘精选,12.317,12.897,0.178,1.47%,历史净值/走势图
120,2011/8/23,519300,大成300,0.8598,2.2698,0.0124,1.46%,历史净值/走势图
121,2011/8/23,519672,银河蓝筹精选,0.971,0.971,0.014,1.46%,历史净值/走势图
122,2011/8/23,70017,嘉实量化,1.041,1.121,0.015,1.46%,历史净值/走势图
123,2011/8/23,288001,华夏经典混合,1.042,3.182,0.015,1.46%,历史净值/走势图
124,2011/8/23,360006,光大新增长,1.1966,2.4766,0.0172,1.46%,历史净值/走势图
125,2011/8/23,165511,信诚中证500,0.906,0.906,0.013,1.46%,历史净值/走势图
126,2011/8/23,519089,新华优选成长,1.7347,2.1347,0.0248,1.45%,历史净值/走势图
127,2011/8/23,519116,浦银沪深300,0.911,0.911,0.013,1.45%,历史净值/走势图
128,2011/8/23,519668,银河成长股票,1.0656,1.6206,0.0152,1.45%,历史净值/走势图
129,2011/8/23,160211,国泰中小盘成长,1.056,1.261,0.015,1.44%,历史净值/走势图
130,2011/8/23,160807,长盛沪深300,0.916,0.966,0.013,1.44%,历史净值/走势图
131,2011/8/23,50021,博时深证200联,0.9163,0.9163,0.013,1.44%,历史净值/走势图
132,2011/8/23,100032,富国天鼎,1.129,1.693,0.016,1.44%,历史净值/走势图
133,2011/8/23,110021,易基上证ETF联接,0.9623,0.9623,0.0136,1.43%,历史净值/走势图
134,2011/8/23,450008,国富沪深300,0.992,0.992,0.014,1.43%,历史净值/走势图
135,2011/8/23,40002,华安中国A股,0.78,3.028,0.011,1.43%,历史净值/走势图
136,2011/8/23,162607,景顺资源垄断,0.78,2.781,0.011,1.43%,历史净值/走势图
137,2011/8/23,90010,大成中证红利,0.925,0.925,0.013,1.43%,历史净值/走势图
138,2011/8/23,570005,诺德成长优势,1.069,1.069,0.015,1.42%,历史净值/走势图
139,2011/8/23,540007,汇丰晋信中小盘,0.8781,0.8981,0.0123,1.42%,历史净值/走势图
140,2011/8/23,202019,南方策略,0.857,0.877,0.012,1.42%,历史净值/走势图
141,2011/8/23,519993,长信增利动态,0.75,1.989,0.0105,1.42%,历史净值/走势图
142,2011/8/23,20011,国泰沪深300,0.572,0.819,0.008,1.42%,历史净值/走势图
143,2011/8/23,20010,国泰金牛创新,1.006,1.161,0.014,1.41%,历史净值/走势图
144,2011/8/23,206005,鹏华民企50ETF联,1.009,1.009,0.014,1.41%,历史净值/走势图
145,2011/8/23,460007,华泰柏瑞行业,0.793,0.793,0.011,1.41%,历史净值/走势图
146,2011/8/23,161816,银华中证90分级,0.867,0.867,0.012,1.40%,历史净值/走势图
147,2011/8/23,163503,天治核心,0.5491,2.0814,0.0076,1.40%,历史净值/走势图
148,2011/8/23,519674,银河创新成长,0.9537,0.9537,0.0132,1.40%,历史净值/走势图
149,2011/8/23,166006,中欧中小盘,0.9202,0.9702,0.0127,1.40%,历史净值/走势图
150,2011/8/23,150002,大成优选封闭,0.952,1.005,0.013,1.38%,历史净值/走势图
151,2011/8/23,51,华夏沪深300,0.806,0.806,0.011,1.38%,历史净值/走势图
152,2011/8/23,519670,银河行业优选,1.1,1.46,0.015,1.38%,历史净值/走势图
153,2011/8/23,519013,海富通风格优势,0.954,2.06,0.013,1.38%,历史净值/走势图
154,2011/8/23,110011,易基中小盘,1.7445,1.7845,0.0237,1.38%,历史净值/走势图
155,2011/8/23,310368,申万竞争优势,1.4017,1.6017,0.019,1.37%,历史净值/走势图
156,2011/8/23,40015,华安动态灵活,1.037,1.037,0.014,1.37%,历史净值/走势图
157,2011/8/23,519093,新华钻石品质,0.964,0.964,0.013,1.37%,历史净值/走势图
158,2011/8/23,217010,招商大盘蓝筹,1.114,1.494,0.015,1.36%,历史净值/走势图
159,2011/8/23,161810,银华内需精选,0.892,0.848,0.012,1.36%,历史净值/走势图
160,2011/8/23,110009,易基价值精选,1.1476,2.4876,0.0154,1.36%,历史净值/走势图
161,2011/8/23,159907,广发中小板300ETF,1.0587,0.9619,0.0142,1.36%,历史净值/走势图
162,2011/8/23,180012,银华富裕,1.1797,2.1327,0.0158,1.36%,历史净值/走势图
163,2011/8/23,110015,易基行业领先,1.272,1.352,0.017,1.35%,历史净值/走势图
164,2011/8/23,202009,南方盛元红利,0.898,0.996,0.012,1.35%,历史净值/走势图
165,2011/8/23,481001,工银核心价值,0.3221,3.8385,0.0043,1.35%,历史净值/走势图
166,2011/8/23,160910,大成创新成长,0.899,2.11,0.012,1.35%,历史净值/走势图
167,2011/8/23,620004,金元价值增长,0.901,0.901,0.012,1.35%,历史净值/走势图
168,2011/8/23,690003,民生加银精选,0.826,0.826,0.011,1.35%,历史净值/走势图
169,2011/8/23,159901,易基深100ETF,0.7289,3.5743,0.0097,1.35%,历史净值/走势图
170,2011/8/23,213010,宝盈中证100,0.827,0.827,0.011,1.35%,历史净值/走势图
171,2011/8/23,410001,华富竞争力,0.6472,1.926,0.0086,1.35%,历史净值/走势图
172,2011/8/23,481006,工银红利股票,0.9358,0.9758,0.0124,1.34%,历史净值/走势图
173,2011/8/23,2031,华夏策略精选,2.573,2.573,0.034,1.34%,历史净值/走势图
174,2011/8/23,270007,广发大盘成长,0.7958,0.7958,0.0105,1.34%,历史净值/走势图
175,2011/8/23,110010,易基价值成长,1.3968,1.4868,0.0184,1.33%,历史净值/走势图
176,2011/8/23,690005,民生内需增长,0.911,0.911,0.012,1.33%,历史净值/走势图
177,2011/8/23,320011,诺安中小盘,1.139,1.199,0.015,1.33%,历史净值/走势图
178,2011/8/23,410006,华富策略精选,0.9343,1.0943,0.0123,1.33%,历史净值/走势图
179,2011/8/23,580001,东吴嘉禾,0.8375,2.5575,0.011,1.33%,历史净值/走势图
180,2011/8/23,671010,纽银策略优选,0.915,0.915,0.012,1.33%,历史净值/走势图
181,2011/8/23,121005,国投瑞银创新,0.7475,2.4339,0.0098,1.33%,历史净值/走势图
182,2011/8/23,519035,富国天博,0.9159,3.1415,0.012,1.33%,历史净值/走势图
183,2011/8/23,290010,泰信中证200,0.917,0.937,0.012,1.33%,历史净值/走势图
184,2011/8/23,160311,华夏蓝筹,0.841,3.465,0.011,1.33%,历史净值/走势图
185,2011/8/23,340008,兴业有机增长,1.2625,1.2625,0.0165,1.32%,历史净值/走势图
186,2011/8/23,360007,光大优势,0.7051,0.7051,0.0092,1.32%,历史净值/走势图
187,2011/8/23,590005,中邮核心主题,0.92,1.08,0.012,1.32%,历史净值/走势图
188,2011/8/23,20001,国泰金鹰增长,0.922,3.926,0.012,1.32%,历史净值/走势图
189,2011/8/23,400011,东方核心动力,0.8535,0.8535,0.0111,1.32%,历史净值/走势图
190,2011/8/23,580006,东吴新经济,1.077,1.077,0.014,1.32%,历史净值/走势图
191,2011/8/23,660001,农银行业成长,1.2006,1.8006,0.0156,1.32%,历史净值/走势图
192,2011/8/23,210001,金鹰优选,0.6631,2.384,0.0086,1.31%,历史净值/走势图
193,2011/8/23,450003,国富潜力,1.0578,1.4678,0.0137,1.31%,历史净值/走势图
194,2011/8/23,110005,易基积极成长,0.9267,4.21,0.012,1.31%,历史净值/走势图
195,2011/8/23,210005,金鹰主题优势,0.851,0.851,0.011,1.31%,历史净值/走势图
196,2011/8/23,260109,景顺内需增长2,1.008,2.334,0.013,1.31%,历史净值/走势图
197,2011/8/23,159905,工银深证红利ETF,0.879,0.879,0.0113,1.30%,历史净值/走势图
198,2011/8/23,585001,东吴中证新兴,0.856,0.856,0.011,1.30%,历史净值/走势图
199,2011/8/23,159902,华夏中小板ETF,2.652,2.752,0.034,1.30%,历史净值/走势图
200,2011/8/23,160605,鹏华中国50,1.562,3.352,0.02,1.30%,历史净值/走势图
201,2011/8/23,202005,南方成份精选,0.9027,0.9227,0.0115,1.29%,历史净值/走势图
202,2011/8/23,240017,华宝兴业新兴产业,0.9199,0.9199,0.0117,1.29%,历史净值/走势图
203,2011/8/23,519087,新华优选分红,0.795,2.4698,0.0101,1.29%,历史净值/走势图
204,2011/8/23,519097,新华中小市值,0.945,0.945,0.012,1.29%,历史净值/走势图
205,2011/8/23,166009,中欧新动力,1.0121,1.0121,0.0128,1.28%,历史净值/走势图
206,2011/8/23,519983,长信量化先锋,0.949,0.949,0.012,1.28%,历史净值/走势图
207,2011/8/23,519110,浦银价值,0.87,0.87,0.011,1.28%,历史净值/走势图
208,2011/8/23,163803,中银增长,0.6962,2.7855,0.0088,1.28%,历史净值/走势图
209,2011/8/23,161604,融通深证100,1.187,2.55,0.015,1.28%,历史净值/走势图
210,2011/8/23,590001,中邮核心优选,1.2669,2.4869,0.016,1.28%,历史净值/走势图
211,2011/8/23,161609,融通动力先锋,1.109,1.654,0.014,1.28%,历史净值/走势图
212,2011/8/23,519095,新华行业周期,1.111,1.111,0.014,1.28%,历史净值/走势图
213,2011/8/23,519001,银华优选股票,1.3819,4.6871,0.0174,1.28%,历史净值/走势图
214,2011/8/23,630005,华商动态阿尔法,1.033,1.033,0.013,1.27%,历史净值/走势图
215,2011/8/23,379010,上投中小盘,1.353,1.393,0.017,1.27%,历史净值/走势图
216,2011/8/23,400007,东方策略成长,1.3798,1.3798,0.0173,1.27%,历史净值/走势图
217,2011/8/23,320005,诺安价值增长,0.8781,1.8231,0.011,1.27%,历史净值/走势图
218,2011/8/23,200010,长城双动力,1.0001,1.0251,0.0125,1.27%,历史净值/走势图
219,2011/8/23,202003,南方绩优成长,1.2409,2.1576,0.0155,1.26%,历史净值/走势图
220,2011/8/23,50014,博时创业成长,1.041,1.064,0.013,1.26%,历史净值/走势图
221,2011/8/23,519185,万家精选,0.8985,0.9785,0.0112,1.26%,历史净值/走势图
222,2011/8/23,450002,国富弹性,1.3339,2.6539,0.0166,1.26%,历史净值/走势图
223,2011/8/23,360012,光大中小盘,1.0389,1.0689,0.0129,1.26%,历史净值/走势图
224,2011/8/23,110019,易基深100ETF联接,0.8941,0.8941,0.0111,1.26%,历史净值/走势图
225,2011/8/23,270026,广发中小板300联,0.9601,0.9601,0.0119,1.26%,历史净值/走势图
226,2011/8/23,217012,招商行业领先,1.049,1.049,0.013,1.25%,历史净值/走势图
227,2011/8/23,360011,光大灵活配置,0.97,1.1,0.012,1.25%,历史净值/走势图
228,2011/8/23,398041,中海量化策略,1.051,1.088,0.013,1.25%,历史净值/走势图
229,2011/8/23,50004,博时精选,1.335,2.84,0.0165,1.25%,历史净值/走势图
230,2011/8/23,450007,国富动力,1.004,1.184,0.0124,1.25%,历史净值/走势图
231,2011/8/23,481013,工银消费服务,0.972,0.972,0.012,1.25%,历史净值/走势图
232,2011/8/23,519007,海富通强化回报,0.73,2.226,0.009,1.25%,历史净值/走势图
233,2011/8/23,519032,海富通上证非周期联,0.894,0.894,0.011,1.25%,历史净值/走势图
234,2011/8/23,161812,银华深证100,1.058,1.075,0.013,1.24%,历史净值/走势图
235,2011/8/23,213002,宝盈泛沿海,0.4805,2.0297,0.0059,1.24%,历史净值/走势图
236,2011/8/23,112002,易基策略二号,1.386,2.941,0.017,1.24%,历史净值/走势图
237,2011/8/23,40016,华安行业轮动,1.0443,1.0443,0.0128,1.24%,历史净值/走势图
238,2011/8/23,400001,东方龙,0.6621,2.4236,0.0081,1.24%,历史净值/走势图
239,2011/8/23,240002,华宝宝康灵活配置,1.3329,3.0229,0.0163,1.24%,历史净值/走势图
240,2011/8/23,450004,国富深化价值,1.4676,1.6676,0.0179,1.23%,历史净值/走势图
241,2011/8/23,360005,光大红利股票,2.2551,2.9131,0.0275,1.23%,历史净值/走势图
242,2011/8/23,519994,长信金利,0.7383,2.1971,0.009,1.23%,历史净值/走势图
243,2011/8/23,481012,工银深证红利ETF联,0.8793,0.8793,0.0107,1.23%,历史净值/走势图
244,2011/8/23,217001,招商安泰股票,0.3954,3.3994,0.0048,1.23%,历史净值/走势图
245,2011/8/23,100020,富国天益,0.9728,3.9841,0.0118,1.23%,历史净值/走势图
246,2011/8/23,110002,易基策略成长,3.712,4.582,0.045,1.23%,历史净值/走势图
247,2011/8/23,377010,上投阿尔法,2.8172,4.7372,0.0341,1.23%,历史净值/走势图
248,2011/8/23,260104,景顺内需增长,3.719,4.855,0.045,1.22%,历史净值/走势图
249,2011/8/23,519115,浦银红利精选,0.911,0.911,0.011,1.22%,历史净值/走势图
250,2011/8/23,162605,景顺鼎益,0.911,3.011,0.011,1.22%,历史净值/走势图
251,2011/8/23,410003,华富成长趋势,0.6466,0.9366,0.0078,1.22%,历史净值/走势图
252,2011/8/23,580005,东吴进取策略,1.062,1.132,0.0128,1.22%,历史净值/走势图
253,2011/8/23,159903,南方深成ETF,1.145,0.8449,0.0138,1.22%,历史净值/走势图
254,2011/8/23,50009,博时新兴成长,0.664,3.061,0.008,1.22%,历史净值/走势图
255,2011/8/23,180018,银华和谐主题,1.079,1.159,0.013,1.22%,历史净值/走势图
256,2011/8/23,161612,融通深证指数,0.915,0.915,0.011,1.22%,历史净值/走势图
257,2011/8/23,166002,中欧新蓝筹,0.9326,1.5126,0.0112,1.22%,历史净值/走势图
258,2011/8/23,450009,国富中小盘,1,1,0.012,1.21%,历史净值/走势图
259,2011/8/23,519069,汇添富价值精选,1.501,1.671,0.018,1.21%,历史净值/走势图
260,2011/8/23,162208,泰达首选企业,1.0686,1.3886,0.0128,1.21%,历史净值/走势图
261,2011/8/23,510023,博时上证超大ETF,0.1921,0.7085,0.0023,1.21%,历史净值/走势图
262,2011/8/23,570001,诺德价值优势,0.9439,0.9439,0.0113,1.21%,历史净值/走势图
263,2011/8/23,50008,博时第三产业,1.003,2.639,0.012,1.21%,历史净值/走势图
264,2011/8/23,519091,新华泛资源,1.005,1.005,0.012,1.21%,历史净值/走势图
265,2011/8/23,519005,海富通股票,0.67,2.619,0.008,1.21%,历史净值/走势图
266,2011/8/23,40008,华安策略优选,0.6961,2.2324,0.0083,1.21%,历史净值/走势图
267,2011/8/23,610001,信达澳银领先,1.1622,1.4422,0.0138,1.20%,历史净值/走势图
268,2011/8/23,260103,景顺动力平衡,0.6843,2.9743,0.0081,1.20%,历史净值/走势图
269,2011/8/23,320012,诺安主题精选,0.93,0.93,0.011,1.20%,历史净值/走势图
270,2011/8/23,270025,广发行业领先,0.933,0.933,0.011,1.19%,历史净值/走势图
271,2011/8/23,519008,汇添富优势精选,2.2838,4.4638,0.0269,1.19%,历史净值/走势图
272,2011/8/23,217016,招商深证100,1.019,1.019,0.012,1.19%,历史净值/走势图
273,2011/8/23,630001,华商领先企业,1.125,1.23,0.0132,1.19%,历史净值/走势图
274,2011/8/23,260101,景顺优选股票,1.0495,2.9802,0.0123,1.19%,历史净值/走势图
275,2011/8/23,460009,华泰柏瑞量化,0.942,0.962,0.011,1.18%,历史净值/走势图
276,2011/8/23,110012,易基科汇,1.55,5.406,0.018,1.17%,历史净值/走势图
277,2011/8/23,620005,金元核心动力,0.863,0.863,0.01,1.17%,历史净值/走势图
278,2011/8/23,162214,泰达中小盘,0.951,0.951,0.011,1.17%,历史净值/走势图
279,2011/8/23,540004,汇丰晋信2026,1.2458,1.5658,0.0144,1.17%,历史净值/走势图
280,2011/8/23,398031,中海蓝筹灵活,0.965,1.36,0.0111,1.16%,历史净值/走势图
281,2011/8/23,20009,国泰金鹏蓝筹,0.957,1.953,0.011,1.16%,历史净值/走势图
282,2011/8/23,163809,中银蓝筹混合,0.957,0.977,0.011,1.16%,历史净值/走势图
283,2011/8/23,260110,景顺精选蓝筹,0.784,0.784,0.009,1.16%,历史净值/走势图
284,2011/8/23,350005,天治创新先锋,1.3271,1.3271,0.0152,1.16%,历史净值/走势图
285,2011/8/23,90004,大成精选增值,0.9517,2.9542,0.0109,1.16%,历史净值/走势图
286,2011/8/23,550002,信诚精萃成长,0.8907,2.0886,0.0102,1.16%,历史净值/走势图
287,2011/8/23,50013,博时上证超大联,0.7199,0.7199,0.0082,1.15%,历史净值/走势图
288,2011/8/23,164205,天弘深证指数,0.878,0.878,0.01,1.15%,历史净值/走势图
289,2011/8/23,206002,鹏华精选成长,0.879,0.879,0.01,1.15%,历史净值/走势图
290,2011/8/23,202017,南方深成ETF联接,0.8623,0.8623,0.0098,1.15%,历史净值/走势图
291,2011/8/23,320007,诺安成长股票,0.974,1.419,0.011,1.14%,历史净值/走势图
292,2011/8/23,320006,诺安灵活配置,1.064,1.644,0.012,1.14%,历史净值/走势图
293,2011/8/23,519698,交银先锋,1.1088,1.1638,0.0125,1.14%,历史净值/走势图
294,2011/8/23,160505,博时主题行业,1.686,3.414,0.019,1.14%,历史净值/走势图
295,2011/8/23,90003,大成蓝筹稳健,0.7458,3.3158,0.0084,1.14%,历史净值/走势图
296,2011/8/23,160215,国泰价值经典,0.888,0.888,0.01,1.14%,历史净值/走势图
297,2011/8/23,50010,博时特许价值,1.155,1.5,0.013,1.14%,历史净值/走势图
298,2011/8/23,519015,海富通精选贰号,0.711,1.031,0.008,1.14%,历史净值/走势图
299,2011/8/23,100029,富国天成,1.3177,1.4987,0.0148,1.14%,历史净值/走势图
300,2011/8/23,620006,金元消费主题,0.894,0.894,0.01,1.13%,历史净值/走势图
301,2011/8/23,240010,华宝行业精选,0.8977,0.8977,0.01,1.13%,历史净值/走势图
302,2011/8/23,340006,兴业全球视野,3.6605,3.6605,0.0407,1.12%,历史净值/走势图
303,2011/8/23,519011,海富通精选混合,0.7646,3.9211,0.0085,1.12%,历史净值/走势图
304,2011/8/23,233007,大摩卓越成长,1.0286,1.0286,0.0114,1.12%,历史净值/走势图
305,2011/8/23,377020,上投内需动力,0.9835,1.2495,0.0109,1.12%,历史净值/走势图
306,2011/8/23,161610,融通领先成长,0.903,2.698,0.01,1.12%,历史净值/走势图
307,2011/8/23,519025,海富通领先成长,1.087,1.237,0.012,1.12%,历史净值/走势图
308,2011/8/23,2011,华夏红利,1.814,4.137,0.02,1.11%,历史净值/走势图
309,2011/8/23,288002,华夏收入股票,2.455,3.855,0.027,1.11%,历史净值/走势图
310,2011/8/23,257070,国联安优选行业,1.002,1.002,0.011,1.11%,历史净值/走势图
311,2011/8/23,590002,中邮核心成长,0.6206,0.6206,0.0068,1.11%,历史净值/走势图
312,2011/8/23,163109,申万深指分级,0.822,0.827,0.009,1.11%,历史净值/走势图
313,2011/8/23,100039,富国通胀通缩,1.005,1.025,0.011,1.11%,历史净值/走势图
314,2011/8/23,519996,长信银利精选,0.7431,2.6631,0.0081,1.10%,历史净值/走势图
315,2011/8/23,160314,华夏行业精选,0.919,4.138,0.01,1.10%,历史净值/走势图
316,2011/8/23,233006,大摩领先优势,1.1056,1.1056,0.012,1.10%,历史净值/走势图
317,2011/8/23,460002,华泰柏瑞成长,0.9401,0.9901,0.0102,1.10%,历史净值/走势图
318,2011/8/23,20003,国泰金龙行业,0.553,3.758,0.006,1.10%,历史净值/走势图
319,2011/8/23,519026,海富通中小盘,1.016,1.016,0.011,1.09%,历史净值/走势图
320,2011/8/23,31,华夏复兴,1.294,1.294,0.014,1.09%,历史净值/走势图
321,2011/8/23,420003,天弘永定价值,0.9475,1.2825,0.0102,1.09%,历史净值/走势图
322,2011/8/23,161213,国投中证消费指数,0.932,0.932,0.01,1.08%,历史净值/走势图
323,2011/8/23,519029,华夏平稳增长,1.496,2.201,0.016,1.08%,历史净值/走势图
324,2011/8/23,70006,嘉实服务,4.023,4.403,0.043,1.08%,历史净值/走势图
325,2011/8/23,540006,汇丰晋信大盘,1.1046,1.1646,0.0118,1.08%,历史净值/走势图
326,2011/8/23,270001,广发聚富,1.1998,3.5098,0.0128,1.08%,历史净值/走势图
327,2011/8/23,121006,国投瑞银稳健,1.032,1.622,0.011,1.08%,历史净值/走势图
328,2011/8/23,213001,宝盈鸿利收益,0.563,2.4086,0.006,1.08%,历史净值/走势图
329,2011/8/23,70019,嘉实价值优势,1.034,1.066,0.011,1.08%,历史净值/走势图
330,2011/8/23,519021,国泰金鼎价值,0.849,1.918,0.009,1.07%,历史净值/走势图
331,2011/8/23,80005,长盛量化红利,0.944,0.984,0.01,1.07%,历史净值/走势图
332,2011/8/23,217009,招商核心价值,0.9444,1.0644,0.01,1.07%,历史净值/走势图
333,2011/8/23,160611,鹏华优质治理,0.945,1.045,0.01,1.07%,历史净值/走势图
334,2011/8/23,40004,华安宝利配置,1.135,3.46,0.012,1.07%,历史净值/走势图
335,2011/8/23,206007,鹏华消费优选,1.041,1.041,0.011,1.07%,历史净值/走势图
336,2011/8/23,166001,中欧新趋势,0.7391,0.9991,0.0078,1.07%,历史净值/走势图
337,2011/8/23,481008,工银大盘蓝筹,0.948,1.358,0.01,1.07%,历史净值/走势图
338,2011/8/23,530005,建信优化配置,0.8631,1.4131,0.0091,1.07%,历史净值/走势图
339,2011/8/23,470009,汇添富民营活力,1.044,1.044,0.011,1.06%,历史净值/走势图
340,2011/8/23,90009,大成行业轮动,1.045,1.045,0.011,1.06%,历史净值/走势图
341,2011/8/23,20015,国泰区位优势,1.144,1.189,0.012,1.06%,历史净值/走势图
342,2011/8/23,530011,建信内生动力,0.955,0.955,0.01,1.06%,历史净值/走势图
343,2011/8/23,519991,长信双利优选,0.86,1.16,0.009,1.06%,历史净值/走势图
344,2011/8/23,162201,泰达成长,1.0368,2.9518,0.0108,1.05%,历史净值/走势图
345,2011/8/23,200011,长城景气行业,1.056,1.081,0.011,1.05%,历史净值/走势图
346,2011/8/23,200012,长城中小盘成长,0.965,0.965,0.01,1.05%,历史净值/走势图
347,2011/8/23,519003,海富通收益增长,0.773,2.388,0.008,1.05%,历史净值/走势图
348,2011/8/23,620002,金元成长动力,0.872,1.092,0.009,1.04%,历史净值/走势图
349,2011/8/23,550008,信诚优胜精选,0.97,0.97,0.01,1.04%,历史净值/走势图
350,2011/8/23,510150,招商上证消费80,2.816,0.928,0.029,1.04%,历史净值/走势图
351,2011/8/23,530003,建信优选成长,0.952,2.402,0.0098,1.04%,历史净值/走势图
352,2011/8/23,257050,国联安主题驱动,0.972,0.972,0.01,1.04%,历史净值/走势图
353,2011/8/23,510170,国联安商品ETF,2.917,0.905,0.03,1.04%,历史净值/走势图
354,2011/8/23,460001,华泰柏瑞盛世,0.6132,2.6283,0.0063,1.04%,历史净值/走势图
355,2011/8/23,590003,中邮核心优势,0.977,1.157,0.01,1.03%,历史净值/走势图
356,2011/8/23,90015,大成内需增长,0.978,0.978,0.01,1.03%,历史净值/走势图
357,2011/8/23,519700,交银主题,0.978,0.993,0.01,1.03%,历史净值/走势图
358,2011/8/23,310358,申万新经济,0.6752,2.0071,0.0069,1.03%,历史净值/走势图
359,2011/8/23,560003,益民创新优势,0.8613,0.8813,0.0088,1.03%,历史净值/走势图
360,2011/8/23,240005,华宝多策略增长,0.5881,4.096,0.006,1.03%,历史净值/走势图
361,2011/8/23,1,华夏成长,1.083,3.184,0.011,1.03%,历史净值/走势图
362,2011/8/23,398011,中海分红增利,0.7982,2.1982,0.0081,1.03%,历史净值/走势图
363,2011/8/23,378010,上投成长,1.3633,2.0433,0.0138,1.02%,历史净值/走势图
364,2011/8/23,550001,信诚四季红,0.9105,2.1225,0.0092,1.02%,历史净值/走势图
365,2011/8/23,560002,益民红利成长,0.5643,1.6013,0.0057,1.02%,历史净值/走势图
366,2011/8/23,310388,申万消费增长,0.991,1.076,0.01,1.02%,历史净值/走势图
367,2011/8/23,450001,国富收益,0.557,2.1478,0.0056,1.02%,历史净值/走势图
368,2011/8/23,519019,大成景阳,0.796,3.834,0.008,1.02%,历史净值/走势图
369,2011/8/23,121008,国投瑞银成长,0.7288,2.1897,0.0073,1.01%,历史净值/走势图
370,2011/8/23,151001,银河稳健混合,0.9601,3.1598,0.0096,1.01%,历史净值/走势图
371,2011/8/23,162212,泰达红利先锋,1.101,1.153,0.011,1.01%,历史净值/走势图
372,2011/8/23,257060,国联安商品ETF联,0.904,0.904,0.009,1.01%,历史净值/走势图
373,2011/8/23,162202,泰达周期,0.9542,2.9992,0.0095,1.01%,历史净值/走势图
374,2011/8/23,163302,大摩资源优选,2.0694,3.4424,0.0205,1.00%,历史净值/走势图
375,2011/8/23,530006,建信核心精选,1.111,1.776,0.011,1.00%,历史净值/走势图
376,2011/8/23,376510,上投大盘蓝筹,0.912,0.912,0.009,1.00%,历史净值/走势图
377,2011/8/23,80001,长盛成长价值,0.913,2.857,0.009,1.00%,历史净值/走势图
378,2011/8/23,610006,信达澳银产业升级,1.015,1.015,0.01,1.00%,历史净值/走势图
379,2011/8/23,161903,万家公用,0.6611,1.949,0.0065,0.99%,历史净值/走势图
380,2011/8/23,90001,大成价值增长,0.814,3.474,0.008,0.99%,历史净值/走势图
381,2011/8/23,620001,金元宝石动力,0.8868,0.9468,0.0087,0.99%,历史净值/走势图
382,2011/8/23,540009,汇丰晋信消费红利,0.9244,0.9244,0.009,0.98%,历史净值/走势图
383,2011/8/23,270002,广发稳健,1.4521,3.2071,0.0141,0.98%,历史净值/走势图
384,2011/8/23,217017,招商上证消费80联,0.929,0.929,0.009,0.98%,历史净值/走势图
385,2011/8/23,580003,东吴行业轮动,1.0369,1.1169,0.01,0.97%,历史净值/走势图
386,2011/8/23,70003,嘉实稳健,0.83,2.464,0.008,0.97%,历史净值/走势图
387,2011/8/23,163402,兴业趋势,0.9863,5.445,0.0095,0.97%,历史净值/走势图
388,2011/8/23,257040,国联安红利,0.939,1.31,0.009,0.97%,历史净值/走势图
389,2011/8/23,320003,诺安股票,0.9726,2.8561,0.0093,0.97%,历史净值/走势图
390,2011/8/23,660006,农银大盘蓝筹,0.9001,0.9001,0.0086,0.96%,历史净值/走势图
391,2011/8/23,20005,国泰金马稳健,0.839,3.477,0.008,0.96%,历史净值/走势图
392,2011/8/23,90007,大成策略回报,1.052,1.746,0.01,0.96%,历史净值/走势图
393,2011/8/23,290008,泰信发展主题,0.953,0.953,0.009,0.95%,历史净值/走势图
394,2011/8/23,257030,国联安优势,0.957,1.238,0.009,0.95%,历史净值/走势图
395,2011/8/23,210003,金鹰行业优势,1.0103,1.0403,0.0095,0.95%,历史净值/走势图
396,2011/8/23,373010,上投双息平衡,0.8223,2.2515,0.0077,0.95%,历史净值/走势图
397,2011/8/23,570007,诺德优选30,0.966,0.966,0.009,0.94%,历史净值/走势图
398,2011/8/23,70013,嘉实研究精选,1.398,1.764,0.013,0.94%,历史净值/走势图
399,2011/8/23,290002,泰信先行策略,0.581,2.3357,0.0054,0.94%,历史净值/走势图
400,2011/8/23,40020,华安升级主题,0.974,0.974,0.009,0.93%,历史净值/走势图
401,2011/8/23,519694,交银蓝筹,0.7503,0.7653,0.0069,0.93%,历史净值/走势图
402,2011/8/23,519688,交银精选,0.7958,2.9416,0.0073,0.93%,历史净值/走势图
403,2011/8/23,163805,中银策略,1.0484,1.3784,0.0096,0.92%,历史净值/走势图
404,2011/8/23,161005,富国天惠,1.5728,3.3358,0.0144,0.92%,历史净值/走势图
405,2011/8/23,180010,银华优质增长,1.5704,3.1304,0.0142,0.91%,历史净值/走势图
406,2011/8/23,483003,工银精选平衡,0.6103,1.8971,0.0055,0.91%,历史净值/走势图
407,2011/8/23,519017,大成积极成长,1.001,2.119,0.009,0.91%,历史净值/走势图
408,2011/8/23,310308,申万盛利精选,0.8859,2.5379,0.0079,0.90%,历史净值/走势图
409,2011/8/23,377530,上投行业轮动,0.9,0.9,0.008,0.90%,历史净值/走势图
410,2011/8/23,290004,泰信优质生活,0.9451,1.5451,0.0084,0.90%,历史净值/走势图
411,2011/8/23,160610,鹏华动力增长,1.126,1.521,0.01,0.90%,历史净值/走势图
412,2011/8/23,202007,南方隆元产业,0.677,0.677,0.006,0.89%,历史净值/走势图
413,2011/8/23,519068,汇添富成长焦点,1.1445,1.3845,0.0101,0.89%,历史净值/走势图
414,2011/8/23,320001,诺安平衡混合,0.7255,2.9855,0.0064,0.89%,历史净值/走势图
415,2011/8/23,240009,华宝先进成长,1.8716,1.8716,0.0165,0.89%,历史净值/走势图
416,2011/8/23,253030,国联安信心债,1.023,1.068,0.009,0.89%,历史净值/走势图
417,2011/8/23,481010,工银中小盘,0.911,0.911,0.008,0.89%,历史净值/走势图
418,2011/8/23,161706,招商优质成长,1.2071,3.1174,0.0106,0.89%,历史净值/走势图
419,2011/8/23,519690,交银稳健,1.3575,2.8125,0.0119,0.88%,历史净值/走势图
420,2011/8/23,180020,银华成长先锋,0.915,0.94,0.008,0.88%,历史净值/走势图
421,2011/8/23,217005,招商先锋,0.6407,2.5907,0.0056,0.88%,历史净值/走势图
422,2011/8/23,40001,华安创新混合,0.689,3.363,0.006,0.88%,历史净值/走势图
423,2011/8/23,163801,中银中国,1.4473,3.4073,0.0126,0.88%,历史净值/走势图
424,2011/8/23,530001,建信恒久价值,0.7468,2.325,0.0065,0.88%,历史净值/走势图
425,2011/8/23,257010,国联安小盘,0.805,2.935,0.007,0.88%,历史净值/走势图
426,2011/8/23,340007,兴业社会责任,1.381,1.571,0.012,0.88%,历史净值/走势图
427,2011/8/23,550009,信诚中小盘,0.806,0.936,0.007,0.88%,历史净值/走势图
428,2011/8/23,160106,南方高增长,1.4534,2.8804,0.0126,0.87%,历史净值/走势图
429,2011/8/23,121003,国投瑞银核心,0.8735,2.4035,0.0075,0.87%,历史净值/走势图
430,2011/8/23,400003,东方精选,1.0491,3.4374,0.009,0.87%,历史净值/走势图
431,2011/8/23,519702,交银趋势优选,0.933,0.933,0.008,0.86%,历史净值/走势图
432,2011/8/23,213003,宝盈策略增长,0.9104,1.3104,0.0078,0.86%,历史净值/走势图
433,2011/8/23,213006,宝盈核心优势,0.8299,1.0299,0.0071,0.86%,历史净值/走势图
434,2011/8/23,690004,民生加银稳健,0.819,0.819,0.007,0.86%,历史净值/走势图
435,2011/8/23,50201,博时价值贰号,0.702,2.157,0.006,0.86%,历史净值/走势图
436,2011/8/23,519039,长盛同德主题,0.9013,2.5827,0.0076,0.85%,历史净值/走势图
437,2011/8/23,70099,嘉实优质企业,0.949,1.845,0.008,0.85%,历史净值/走势图
438,2011/8/23,121002,国投瑞银景气,0.9148,2.8838,0.0077,0.85%,历史净值/走势图
439,2011/8/23,110029,易基科讯,0.6658,3.9943,0.0056,0.85%,历史净值/走势图
440,2011/8/23,610004,信达澳银中小盘,1.072,1.072,0.009,0.85%,历史净值/走势图
441,2011/8/23,540003,汇丰晋信策略,1.1448,1.2648,0.0096,0.85%,历史净值/走势图
442,2011/8/23,470008,汇添富策略回报,1.074,1.094,0.009,0.85%,历史净值/走势图
443,2011/8/23,121001,国投瑞银融华,1.1917,2.4937,0.0099,0.84%,历史净值/走势图
444,2011/8/23,519692,交银成长,2.6736,2.9186,0.0222,0.84%,历史净值/走势图
445,2011/8/23,202211,南方恒元,1.207,1.261,0.01,0.84%,历史净值/走势图
446,2011/8/23,540008,汇丰晋信低碳,1.018,1.118,0.0084,0.83%,历史净值/走势图
447,2011/8/23,350002,天治品质优选,0.9213,3.4463,0.0076,0.83%,历史净值/走势图
448,2011/8/23,200001,长城久恒平衡,1.213,2.373,0.01,0.83%,历史净值/走势图
449,2011/8/23,660003,农银平衡双利,1.0676,1.1776,0.0088,0.83%,历史净值/走势图
450,2011/8/23,460005,华泰柏瑞价值,1.1929,1.7029,0.0098,0.83%,历史净值/走势图
451,2011/8/23,373020,上投双核平衡,1.1081,1.2091,0.0091,0.83%,历史净值/走势图
452,2011/8/23,160806,长盛同庆,0.975,0.975,0.008,0.83%,历史净值/走势图
453,2011/8/23,217013,招商中小盘,0.977,0.977,0.008,0.83%,历史净值/走势图
454,2011/8/23,90011,大成核心双动力,0.98,0.98,0.008,0.82%,历史净值/走势图
455,2011/8/23,50018,博时行业轮动,0.858,0.858,0.007,0.82%,历史净值/走势图
456,2011/8/23,2021,华夏回报二号,1.108,2.423,0.009,0.82%,历史净值/走势图
457,2011/8/23,210002,金鹰红利,1.0624,1.4504,0.0086,0.82%,历史净值/走势图
458,2011/8/23,160512,博时卓越品牌,0.993,1.014,0.008,0.81%,历史净值/走势图
459,2011/8/23,159906,大成深40ETF,0.87,0.87,0.007,0.81%,历史净值/走势图
460,2011/8/23,160805,长盛同智优势,0.8959,2.2651,0.0072,0.81%,历史净值/走势图
461,2011/8/23,571002,诺德灵活配置,1.2694,1.2694,0.0102,0.81%,历史净值/走势图
462,2011/8/23,481004,工银稳健成长,1.3838,1.6338,0.0111,0.81%,历史净值/走势图
463,2011/8/23,160105,南方积极配置,1.0776,2.5696,0.0086,0.80%,历史净值/走势图
464,2011/8/23,163110,申万量化小盘,1.013,1.013,0.008,0.80%,历史净值/走势图
465,2011/8/23,50001,博时价值增长,0.76,3.262,0.006,0.80%,历史净值/走势图
466,2011/8/23,163807,中银优选,1.0269,1.2169,0.0081,0.80%,历史净值/走势图
467,2011/8/23,206001,鹏华行业成长,1.0608,4.2132,0.0083,0.79%,历史净值/走势图
468,2011/8/23,2001,华夏回报,1.294,3.411,0.01,0.78%,历史净值/走势图
469,2011/8/23,202002,南方稳健贰号,0.506,1.8407,0.0039,0.78%,历史净值/走势图
470,2011/8/23,470006,汇添富医药保健,0.913,0.913,0.007,0.77%,历史净值/走势图
471,2011/8/23,540002,汇丰晋信龙腾,1.3578,2.2238,0.0104,0.77%,历史净值/走势图
472,2011/8/23,160212,国泰估值,1.045,1.045,0.008,0.77%,历史净值/走势图
473,2011/8/23,110013,易基科翔,1.309,5.356,0.01,0.77%,历史净值/走势图
474,2011/8/23,150003,建信优势动力,0.918,0.918,0.007,0.77%,历史净值/走势图
475,2011/8/23,161601,融通新蓝筹,0.7642,3.0592,0.0058,0.76%,历史净值/走势图
476,2011/8/23,398001,中海优质成长,0.5815,2.9298,0.0044,0.76%,历史净值/走势图
477,2011/8/23,163804,中银收益,0.9527,2.1527,0.0072,0.76%,历史净值/走势图
478,2011/8/23,519018,汇添富均衡增长,0.7014,2.4115,0.0053,0.76%,历史净值/走势图
479,2011/8/23,610005,信达澳银红利,0.929,0.949,0.007,0.76%,历史净值/走势图
480,2011/8/23,350001,天治财富增长,0.7317,2.277,0.0055,0.76%,历史净值/走势图
481,2011/8/23,163810,中银价值混合,0.933,0.953,0.007,0.76%,历史净值/走势图
482,2011/8/23,210004,金鹰稳健成长,0.938,1.118,0.007,0.75%,历史净值/走势图
483,2011/8/23,610002,信达澳银灵活配置,1.348,1.548,0.01,0.75%,历史净值/走势图
484,2011/8/23,162211,泰达品质生活,1.221,1.321,0.009,0.74%,历史净值/走势图
485,2011/8/23,570006,诺德中小盘,0.953,0.983,0.007,0.74%,历史净值/走势图
486,2011/8/23,202001,南方稳健成长,0.9211,2.7561,0.0067,0.73%,历史净值/走势图
487,2011/8/23,162102,金鹰中小盘,0.9244,2.5204,0.0067,0.73%,历史净值/走势图
488,2011/8/23,217002,招商安泰平衡,1.0944,2.5094,0.0079,0.73%,历史净值/走势图
489,2011/8/23,70018,嘉实回报混合,0.971,1.008,0.007,0.73%,历史净值/走势图
490,2011/8/23,162204,泰达精选,4.6471,4.8871,0.0334,0.72%,历史净值/走势图
491,2011/8/23,255010,国联安稳健,0.976,2.416,0.007,0.72%,历史净值/走势图
492,2011/8/23,590006,中邮中小盘,0.981,0.981,0.007,0.72%,历史净值/走势图
493,2011/8/23,165310,建信双利分级,0.983,0.983,0.007,0.72%,历史净值/走势图
494,2011/8/23,202011,南方优选价值,1.125,1.645,0.008,0.72%,历史净值/走势图
495,2011/8/23,70011,嘉实策略增长,1.126,1.528,0.008,0.72%,历史净值/走势图
496,2011/8/23,519099,新华灵活主题,0.99,0.99,0.007,0.71%,历史净值/走势图
497,2011/8/23,398021,中海能源策略,0.8493,1.1593,0.006,0.71%,历史净值/走势图
498,2011/8/23,410004,华富增强债A,1.1367,1.3087,0.008,0.71%,历史净值/走势图
499,2011/8/23,410005,华富增强债B,1.1311,1.2931,0.0079,0.70%,历史净值/走势图
500,2011/8/23,110001,易基平稳,1.303,2.563,0.009,0.70%,历史净值/走势图
501,2011/8/23,510081,长盛动态精选,1.0512,2.9512,0.0072,0.69%,历史净值/走势图
502,2011/8/23,350007,天治趋势精选,1.035,1.035,0.007,0.68%,历史净值/走势图
503,2011/8/23,90012,大成深40ETF联,0.888,0.888,0.006,0.68%,历史净值/走势图
504,2011/8/23,100016,富国天源,1.0663,2.5299,0.0071,0.67%,历史净值/走势图
505,2011/8/23,233008,大摩消费领航,0.8873,0.8873,0.0059,0.67%,历史净值/走势图
506,2011/8/23,90006,大成生命周期,0.753,2.575,0.005,0.67%,历史净值/走势图
507,2011/8/23,161605,融通蓝筹成长,1.056,2.336,0.007,0.67%,历史净值/走势图
508,2011/8/23,160603,鹏华普天收益,0.908,3.354,0.006,0.67%,历史净值/走势图
509,2011/8/23,70001,嘉实成长,0.8841,3.0935,0.0058,0.66%,历史净值/走势图
510,2011/8/23,162207,泰达效率优选,0.7798,1.8756,0.0051,0.66%,历史净值/走势图
511,2011/8/23,290005,泰信优势增长,0.946,1.386,0.006,0.64%,历史净值/走势图
512,2011/8/23,50012,博时策略配置,0.958,0.982,0.006,0.63%,历史净值/走势图
513,2011/8/23,162006,长城久富核心,1.14,3.5308,0.0071,0.63%,历史净值/走势图
514,2011/8/23,80002,长盛创新先锋,1.0608,1.4308,0.0066,0.63%,历史净值/走势图
515,2011/8/23,519113,浦银精致生活,0.968,1.028,0.006,0.62%,历史净值/走势图
516,2011/8/23,202107,南方广利债C,0.971,0.971,0.006,0.62%,历史净值/走势图
517,2011/8/23,202105,南方广利债A/B,0.974,0.974,0.006,0.62%,历史净值/走势图
518,2011/8/23,110022,易基消费行业,0.975,0.975,0.006,0.62%,历史净值/走势图
519,2011/8/23,240001,华宝宝康消费品,1.4001,4.3248,0.0085,0.61%,历史净值/走势图
520,2011/8/23,162209,泰达市值优选,0.7431,0.7431,0.0045,0.61%,历史净值/走势图
521,2011/8/23,200007,长城安心回报,0.7055,1.8982,0.0042,0.60%,历史净值/走势图
522,2011/8/23,70002,嘉实增长,4.887,5.488,0.029,0.60%,历史净值/走势图
523,2011/8/23,485107,工银信用添利A,1.0328,1.2678,0.0061,0.59%,历史净值/走势图
524,2011/8/23,485007,工银信用添利B,1.0167,1.2517,0.006,0.59%,历史净值/走势图
525,2011/8/23,580007,东吴新创业,1.032,1.092,0.006,0.58%,历史净值/走势图
526,2011/8/23,50106,博时稳定价值A,1.041,1.287,0.006,0.58%,历史净值/走势图
527,2011/8/23,180001,银华优势企业,1.0937,2.7537,0.0062,0.57%,历史净值/走势图
528,2011/8/23,485005,工银强债B,1.0688,1.3488,0.0059,0.56%,历史净值/走势图
529,2011/8/23,165508,信诚深度价值,0.906,0.906,0.005,0.55%,历史净值/走势图
530,2011/8/23,485105,工银强债A,1.0909,1.3709,0.006,0.55%,历史净值/走势图
531,2011/8/23,213007,宝盈增强债A/B,1.0381,1.2901,0.0057,0.55%,历史净值/走势图
532,2011/8/23,213917,宝盈增强债C,1.0246,1.2766,0.0056,0.55%,历史净值/走势图
533,2011/8/23,519066,汇添富蓝筹稳健,1.281,1.601,0.007,0.55%,历史净值/走势图
534,2011/8/23,420001,天弘精选混合,0.6122,1.778,0.0033,0.54%,历史净值/走势图
535,2011/8/23,162205,泰达风险预算,1.0727,2.3977,0.0057,0.53%,历史净值/走势图
536,2011/8/23,270006,广发策略优选,1.4694,2.7294,0.0078,0.53%,历史净值/走势图
537,2011/8/23,100051,富国可转债,0.95,0.95,0.005,0.53%,历史净值/走势图
538,2011/8/23,50007,博时平衡配置,0.968,2.383,0.005,0.52%,历史净值/走势图
539,2011/8/23,200006,长城消费增值,0.8654,2.3054,0.0044,0.51%,历史净值/走势图
540,2011/8/23,470028,汇添富社会责任,0.985,0.985,0.005,0.51%,历史净值/走势图
541,2011/8/23,110023,易基医疗保健,0.992,0.992,0.005,0.51%,历史净值/走势图
542,2011/8/23,395001,中海稳健债券,1.012,1.247,0.005,0.50%,历史净值/走势图
543,2011/8/23,163409,兴全绿色投资,1.012,1.012,0.005,0.50%,历史净值/走势图
544,2011/8/23,50006,博时稳定价值B,1.025,1.271,0.005,0.49%,历史净值/走势图
545,2011/8/23,550003,信诚盛世蓝筹,1.863,1.863,0.009,0.49%,历史净值/走势图
546,2011/8/23,233001,大摩基础行业,0.4803,2.0253,0.0023,0.48%,历史净值/走势图
547,2011/8/23,202101,南方宝元债券,1.171,2.431,0.0055,0.47%,历史净值/走势图
548,2011/8/23,150103,银河银泰混合,1.0235,3.5635,0.0048,0.47%,历史净值/走势图
549,2011/8/23,110007,易基稳健收益A,1.0322,1.2318,0.0048,0.47%,历史净值/走势图
550,2011/8/23,110008,易基稳健收益B,1.0354,1.244,0.0048,0.47%,历史净值/走势图
551,2011/8/23,240008,华宝收益增长,2.8563,2.8563,0.0132,0.46%,历史净值/走势图
552,2011/8/23,580002,东吴动力,1.2601,1.8401,0.0058,0.46%,历史净值/走势图
553,2011/8/23,540001,汇丰晋信2016,1.4693,2.1193,0.0067,0.46%,历史净值/走势图
554,2011/8/23,70010,嘉实主题精选,1.373,2.886,0.006,0.44%,历史净值/走势图
555,2011/8/23,100018,富国天利,1.1789,1.9789,0.0051,0.43%,历史净值/走势图
556,2011/8/23,202023,南方成长混合,0.937,0.937,0.004,0.43%,历史净值/走势图
557,2011/8/23,50019,博时转债增强债A,0.939,0.939,0.004,0.43%,历史净值/走势图
558,2011/8/23,202102,南方多利C,1.0108,1.2181,0.0042,0.42%,历史净值/走势图
559,2011/8/23,202103,南方多利A,1.0122,1.2257,0.0042,0.42%,历史净值/走势图
560,2011/8/23,688888,浙商聚潮产业,0.968,0.968,0.004,0.41%,历史净值/走势图
561,2011/8/23,253010,国联安安心,0.732,1.617,0.003,0.41%,历史净值/走势图
562,2011/8/23,40010,华安稳定收益B,1.0745,1.2495,0.0044,0.41%,历史净值/走势图
563,2011/8/23,50111,博时信用债券C,0.98,1.04,0.004,0.41%,历史净值/走势图
564,2011/8/23,50011,博时信用债券AB,0.989,1.049,0.004,0.41%,历史净值/走势图
565,2011/8/23,70022,嘉实领先成长,0.99,0.99,0.004,0.41%,历史净值/走势图
566,2011/8/23,40009,华安稳定收益A,1.0899,1.2649,0.0044,0.41%,历史净值/走势图
567,2011/8/23,161713,招商信用添利债,1.007,1.046,0.004,0.40%,历史净值/走势图
568,2011/8/23,163812,中银双利债券B,1.012,1.012,0.004,0.40%,历史净值/走势图
569,2011/8/23,206009,鹏华新兴产业,1.013,1.013,0.004,0.40%,历史净值/走势图
570,2011/8/23,163811,中银双利债券A,1.015,1.015,0.004,0.40%,历史净值/走势图
571,2011/8/23,202202,南方避险增值,2.44,3.064,0.0095,0.39%,历史净值/走势图
572,2011/8/23,288102,中信稳定双利,0.9994,1.5044,0.0038,0.38%,历史净值/走势图
573,2011/8/23,253020,国联安增利A,1.054,1.196,0.004,0.38%,历史净值/走势图
574,2011/8/23,240011,华宝大盘精选,1.4512,1.5312,0.0055,0.38%,历史净值/走势图
575,2011/8/23,217011,招商安心收益,1.057,1.177,0.004,0.38%,历史净值/走势图
576,2011/8/23,70016,嘉实多元B,1.061,1.229,0.004,0.38%,历史净值/走势图
577,2011/8/23,410007,华富价值增长,0.8261,0.8261,0.0031,0.38%,历史净值/走势图
578,2011/8/23,340001,兴业可转债,1.1205,2.8625,0.0042,0.38%,历史净值/走势图
579,2011/8/23,162203,泰达稳定,0.6698,2.6098,0.0025,0.37%,历史净值/走势图
580,2011/8/23,270005,广发聚丰,0.7627,4.2791,0.0028,0.37%,历史净值/走势图
581,2011/8/23,531009,建信增强债券C,1.102,1.102,0.004,0.36%,历史净值/走势图
582,2011/8/23,20020,国泰双利债券C,1.11,1.16,0.004,0.36%,历史净值/走势图
583,2011/8/23,530009,建信增强债券A,1.112,1.112,0.004,0.36%,历史净值/走势图
584,2011/8/23,257020,国联安精选,0.835,2.651,0.003,0.36%,历史净值/走势图
585,2011/8/23,20019,国泰双利债券A,1.123,1.173,0.004,0.36%,历史净值/走势图
586,2011/8/23,530008,建信稳定增利,1.14,1.335,0.004,0.35%,历史净值/走势图
587,2011/8/23,398051,中海环保新能源,0.861,0.861,0.003,0.35%,历史净值/走势图
588,2011/8/23,320004,诺安优化债券,1.1792,1.2788,0.0041,0.35%,历史净值/走势图
589,2011/8/23,350006,天治稳健双盈,0.9941,0.9941,0.0034,0.34%,历史净值/走势图
590,2011/8/23,166004,中欧稳健收益C,1.005,1.104,0.0034,0.34%,历史净值/走势图
591,2011/8/23,166003,中欧稳健收益A,1.0133,1.1149,0.0034,0.34%,历史净值/走势图
592,2011/8/23,151002,银河收益债券,1.5587,2.1387,0.005,0.32%,历史净值/走势图
593,2011/8/23,50119,博时转债增强债C,0.936,0.936,0.003,0.32%,历史净值/走势图
594,2011/8/23,620003,金元丰利债券,0.944,0.966,0.003,0.32%,历史净值/走势图
595,2011/8/23,550006,信诚经典优债A,0.981,1.078,0.003,0.31%,历史净值/走势图
596,2011/8/23,128112,国投优化债C,0.982,0.982,0.003,0.31%,历史净值/走势图
597,2011/8/23,550007,信诚经典优债B,0.984,1.064,0.003,0.31%,历史净值/走势图
598,2011/8/23,161010,富国天丰,0.993,1.281,0.003,0.30%,历史净值/走势图
599,2011/8/23,20022,国泰保本混合,0.995,0.995,0.003,0.30%,历史净值/走势图
600,2011/8/23,470078,汇添富强债C,1.013,1.183,0.003,0.30%,历史净值/走势图
601,2011/8/23,519989,长信利丰债券,1.017,1.137,0.003,0.30%,历史净值/走势图
602,2011/8/23,485011,工银双利债B,1.02,1.02,0.003,0.30%,历史净值/走势图
603,2011/8/23,519078,汇添富强债A,1.02,1.19,0.003,0.30%,历史净值/走势图
604,2011/8/23,485111,工银双利债A,1.024,1.024,0.003,0.29%,历史净值/走势图
605,2011/8/23,582201,东吴优信C,0.961,0.973,0.0028,0.29%,历史净值/走势图
606,2011/8/23,1013,华夏希望债券C,1.034,1.214,0.003,0.29%,历史净值/走势图
607,2011/8/23,582001,东吴优信A,0.969,0.981,0.0028,0.29%,历史净值/走势图
608,2011/8/23,233005,大摩强收益债券,1.0383,1.0733,0.003,0.29%,历史净值/走势图
609,2011/8/23,253021,国联安增利B,1.054,1.184,0.003,0.29%,历史净值/走势图
610,2011/8/23,690202,民生增强收益C,1.054,1.084,0.003,0.29%,历史净值/走势图
611,2011/8/23,690002,民生增强收益A,1.063,1.093,0.003,0.28%,历史净值/走势图
612,2011/8/23,163806,中银增利,1.068,1.188,0.003,0.28%,历史净值/走势图
613,2011/8/23,70015,嘉实多元A,1.07,1.24,0.003,0.28%,历史净值/走势图
614,2011/8/23,610103,信达澳银稳定B,1.08,1.08,0.003,0.28%,历史净值/走势图
615,2011/8/23,110017,易基增强债券A,1.087,1.317,0.003,0.28%,历史净值/走势图
616,2011/8/23,160718,嘉实多利债,0.9896,0.9896,0.0022,0.22%,历史净值/走势图
617,2011/8/23,80003,长盛积极配置债,1.0899,1.2599,0.0024,0.22%,历史净值/走势图
618,2011/8/23,450006,国富强债C,1.0169,1.0999,0.0022,0.22%,历史净值/走势图
619,2011/8/23,450005,国富强债A,1.022,1.105,0.0022,0.22%,历史净值/走势图
620,2011/8/23,217018,招商安瑞进取债,0.962,0.962,0.002,0.21%,历史净值/走势图
621,2011/8/23,630109,华商稳定增利C,0.982,0.982,0.002,0.20%,历史净值/走势图
622,2011/8/23,630009,华商稳定增利A,0.984,0.984,0.002,0.20%,历史净值/走势图
623,2011/8/23,121012,国投优化债AB,0.985,0.985,0.002,0.20%,历史净值/走势图
624,2011/8/23,550005,信诚三得益B,0.987,1.1,0.002,0.20%,历史净值/走势图
625,2011/8/23,240003,华宝宝康债券,1.1361,1.6461,0.0023,0.20%,历史净值/走势图
626,2011/8/23,90008,大成强债A/B,0.9909,1.1909,0.002,0.20%,历史净值/走势图
627,2011/8/23,40019,华安稳固收益债,1.028,1.028,0.002,0.19%,历史净值/走势图
628,2011/8/23,100037,富国优化债券C,1.036,1.101,0.002,0.19%,历史净值/走势图
629,2011/8/23,560005,益民多利,0.9906,1.0926,0.0019,0.19%,历史净值/走势图
630,2011/8/23,310379,申万添益宝B,1.043,1.12,0.002,0.19%,历史净值/走势图
631,2011/8/23,1011,华夏希望债券A,1.045,1.225,0.002,0.19%,历史净值/走势图
632,2011/8/23,100035,富国优化债券A/B,1.047,1.112,0.002,0.19%,历史净值/走势图
633,2011/8/23,200009,长城稳健增利,1.053,1.158,0.002,0.19%,历史净值/走势图
634,2011/8/23,310378,申万添益宝A,1.053,1.13,0.002,0.19%,历史净值/走势图
635,2011/8/23,110018,易基增强债券B,1.079,1.299,0.002,0.19%,历史净值/走势图
636,2011/8/23,610003,信达澳银稳定A,1.091,1.091,0.002,0.18%,历史净值/走势图
637,2011/8/23,162299,泰达集利债C,0.9896,1.0326,0.0018,0.18%,历史净值/走势图
638,2011/8/23,162210,泰达集利债A,1.0036,1.0466,0.0018,0.18%,历史净值/走势图
639,2011/8/23,660102,农银恒久增利C,1.0337,1.0337,0.0016,0.16%,历史净值/走势图
640,2011/8/23,70005,嘉实债券,1.336,1.771,0.002,0.15%,历史净值/走势图
641,2011/8/23,240018,华宝兴业可转债,0.9597,0.9597,0.0014,0.15%,历史净值/走势图
642,2011/8/23,660002,农银恒久增利A,1.0367,1.0897,0.0015,0.14%,历史净值/走势图
643,2011/8/23,240012,华宝增强债A,1.0152,1.0352,0.0014,0.14%,历史净值/走势图
644,2011/8/23,240013,华宝增强债B,1.0049,1.0249,0.0013,0.13%,历史净值/走势图
645,2011/8/23,519680,交银增利A/B,0.9598,1.2168,0.0012,0.13%,历史净值/走势图
646,2011/8/23,510080,长盛全债指数,1.1584,1.9684,0.0014,0.12%,历史净值/走势图
647,2011/8/23,519682,交银增利C,0.9604,1.2004,0.0011,0.11%,历史净值/走势图
648,2011/8/23,217008,招商安本增利,1.0071,1.4171,0.0011,0.11%,历史净值/走势图
649,2011/8/23,519186,万家稳增A,1.0429,1.1129,0.0011,0.11%,历史净值/走势图
650,2011/8/23,261101,景顺稳定收益债C,0.975,0.975,0.001,0.10%,历史净值/走势图
651,2011/8/23,165509,信诚增强收益债,0.982,0.982,0.001,0.10%,历史净值/走势图
652,2011/8/23,395011,中海增强收益债A,0.986,0.986,0.001,0.10%,历史净值/走势图
653,2011/8/23,180026,银华信用双利债C,0.989,0.989,0.001,0.10%,历史净值/走势图
654,2011/8/23,206004,鹏华信用增利B,0.99,0.99,0.001,0.10%,历史净值/走势图
655,2011/8/23,400013,东方保本混合,0.991,0.991,0.001,0.10%,历史净值/走势图
656,2011/8/23,530012,建信保本混合,0.991,0.991,0.001,0.10%,历史净值/走势图
657,2011/8/23,180025,银华信用双利债A,0.992,0.992,0.001,0.10%,历史净值/走势图
658,2011/8/23,550004,信诚三得益A,0.992,1.115,0.001,0.10%,历史净值/走势图
659,2011/8/23,206003,鹏华信用增利A,0.995,0.995,0.001,0.10%,历史净值/走势图
660,2011/8/23,180002,银华保本增值,0.9964,1.0041,0.001,0.10%,历史净值/走势图
661,2011/8/23,70020,嘉实稳固收益,0.998,0.998,0.001,0.10%,历史净值/走势图
662,2011/8/23,40023,华安可转债B,0.999,0.999,0.001,0.10%,历史净值/走势图
663,2011/8/23,40022,华安可转债A,1,1,0.001,0.10%,历史净值/走势图
664,2011/8/23,110028,易基安心回报债B,1,1,0.001,0.10%,历史净值/走势图
665,2011/8/23,110027,易基安心回报债A,1,1,0.001,0.10%,历史净值/走势图
666,2011/8/23,20012,国泰金龙债券C,1.002,1.42,0.001,0.10%,历史净值/走势图
667,2011/8/23,519023,海富通稳健债C,1.003,1.094,0.001,0.10%,历史净值/走势图
668,2011/8/23,20018,国泰金鹿保本2期,1.005,1.083,0.001,0.10%,历史净值/走势图
669,2011/8/23,20002,国泰金龙债券A,1.006,1.435,0.001,0.10%,历史净值/走势图
670,2011/8/23,80007,长盛同鑫保本混合,1.007,1.007,0.001,0.10%,历史净值/走势图
671,2011/8/23,1003,华夏债券C类,1.008,1.538,0.001,0.10%,历史净值/走势图
672,2011/8/23,573003,诺德增强收益,1.009,1.036,0.001,0.10%,历史净值/走势图
673,2011/8/23,630003,华商收益增强A,1.01,1.185,0.001,0.10%,历史净值/走势图
674,2011/8/23,161016,富国天盈分级债A,1.012,1.012,0.001,0.10%,历史净值/走势图
675,2011/8/23,519112,浦银收益C,1.016,1.026,0.001,0.10%,历史净值/走势图
676,2011/8/23,371120,上投纯债B,1.02,1.02,0.001,0.10%,历史净值/走势图
677,2011/8/23,519111,浦银收益A,1.023,1.033,0.001,0.10%,历史净值/走势图
678,2011/8/23,360009,光大增利C,1.028,1.152,0.001,0.10%,历史净值/走势图
679,2011/8/23,1001,华夏债券A/B,1.029,1.559,0.001,0.10%,历史净值/走势图
680,2011/8/23,360008,光大增利A,1.032,1.166,0.001,0.10%,历史净值/走势图
681,2011/8/23,180015,银华增强收益,1.032,1.203,0.001,0.10%,历史净值/走势图
682,2011/8/23,519187,万家稳增C,1.035,1.105,0.001,0.10%,历史净值/走势图
683,2011/8/23,150018,银华稳进,1.037,1.071,0.001,0.10%,历史净值/走势图
684,2011/8/23,519697,交银保本,1.074,1.114,0.001,0.09%,历史净值/走势图
685,2011/8/23,121009,国投瑞银稳定,1.0436,1.2386,0.0009,0.09%,历史净值/走势图
686,2011/8/23,166008,中欧增强回报债,0.993,1.003,0.0008,0.08%,历史净值/走势图
687,2011/8/23,340009,兴业磐稳增利,0.9836,1.0236,0.0007,0.07%,历史净值/走势图
688,2011/8/23,519666,银河银信添利B,0.9853,1.2633,0.0007,0.07%,历史净值/走势图
689,2011/8/23,519667,银河银信添利A,0.9895,1.2775,0.0007,0.07%,历史净值/走势图
690,2011/8/23,460003,华泰柏瑞增利B,1.0043,1.1643,0.0005,0.05%,历史净值/走势图
691,2011/8/23,519519,华泰柏瑞增利A,1.0161,1.1761,0.0005,0.05%,历史净值/走势图
692,2011/8/23,540005,汇丰晋信平稳,0.9868,0.9919,0.0004,0.04%,历史净值/走势图
693,2011/8/23,519985,长信中短债,1.0178,1.0178,0.0002,0.02%,历史净值/走势图
694,2011/8/23,290003,泰信双息双利,1.0245,1.1938,0.0002,0.02%,历史净值/走势图
695,2011/8/23,150021,富国汇利债B,0.94,0.94,0,0.00%,历史净值/走势图
696,2011/8/23,92002,大成债券C,0.9841,1.4791,0,0.00%,历史净值/走势图
697,2011/8/23,90002,大成债券A/B,1.0011,1.5091,0,0.00%,历史净值/走势图
698,2011/8/23,70009,嘉实超短债,1.0019,1.1438,0,0.00%,历史净值/走势图
699,2011/8/23,161015,富国天盈分级债,1,1,0,0.00%,历史净值/走势图
700,2011/8/23,161014,富国汇利债,1.008,1.008,0,0.00%,历史净值/走势图
701,2011/8/23,161902,万家债券,1.0252,1.6337,0,0.00%,历史净值/走势图
702,2011/8/23,630103,华商收益增强B,1.009,1.171,0,0.00%,历史净值/走势图
703,2011/8/23,163816,中银转债增强债A,1.001,1.001,0,0.00%,历史净值/走势图
704,2011/8/23,206008,鹏华丰盛稳固收益,0.984,0.984,0,0.00%,历史净值/走势图
705,2011/8/23,320015,诺安保本混合,1.009,1.009,0,0.00%,历史净值/走势图
706,2011/8/23,360013,光大信用添益债A,1.004,1.004,0,0.00%,历史净值/走势图
707,2011/8/23,360014,光大信用添益债C,1.003,1.003,0,0.00%,历史净值/走势图
708,2011/8/23,210006,金鹰保本混合,1.004,1.004,0,0.00%,历史净值/走势图
709,2011/8/23,160123,南方中证50债A,1.0128,1.0128,0,0.00%,历史净值/走势图
710,2011/8/23,160124,南方中证50债C,1.0117,1.0117,0,0.00%,历史净值/走势图
711,2011/8/23,200113,长城积极增利债C,0.977,0.977,0,0.00%,历史净值/走势图
712,2011/8/23,270024,广发聚祥保本,0.998,0.998,0,0.00%,历史净值/走势图
713,2011/8/23,310508,申万稳益宝债,1.004,1.004,0,0.00%,历史净值/走势图
714,2011/8/23,90013,大成保本混合,0.997,0.997,0,0.00%,历史净值/走势图
715,2011/8/23,519030,海富通稳固收益债,0.995,0.995,0,0.00%,历史净值/走势图
716,2011/8/23,630107,华商稳健双利B,0.979,0.979,0,0.00%,历史净值/走势图
717,2011/8/23,519024,海富通稳健债A,1.006,1.097,0,0.00%,历史净值/走势图
718,2011/8/23,164207,天弘添利分级债A,1.01,1.028,0,0.00%,历史净值/走势图
719,2011/8/23,163817,中银转债增强债B,1.001,1.001,0,0.00%,历史净值/走势图
720,2011/8/23,150016,兴业合润分级A,1,1,0,0.00%,历史净值/走势图
721,2011/8/23,161115,易基岁丰添利债,0.991,1.006,0,0.00%,历史净值/走势图
722,2011/8/23,50016,博时宏观债AB,0.988,0.988,0,0.00%,历史净值/走势图
723,2011/8/23,150030,银华中证90金利,1.028,1.028,0,0.00%,历史净值/走势图
724,2011/8/23,50116,博时宏观债C,0.984,0.984,0,0.00%,历史净值/走势图
725,2011/8/23,40013,华安强债B,0.984,1.074,0,0.00%,历史净值/走势图
726,2011/8/23,161813,银华信用债,1.007,1.044,0,0.00%,历史净值/走势图
727,2011/8/23,150010,国泰估值优先,1.087,1.087,0,0.00%,历史净值/走势图
728,2011/8/23,150012,国联安中证100A,1.078,1.078,0,0.00%,历史净值/走势图
729,2011/8/23,470018,汇添富保本混合,1.004,1.004,0,0.00%,历史净值/走势图
730,2011/8/23,261001,景顺稳定收益债A,0.976,0.976,0,0.00%,历史净值/走势图
731,2011/8/23,150028,信诚中证500A,1.033,1.033,0,0.00%,历史净值/走势图
732,2011/8/23,150022,申万深指分级收益,1.037,1.048,0,0.00%,历史净值/走势图
733,2011/8/23,40012,华安强债A,0.994,1.084,0,0.00%,历史净值/走势图
734,2011/8/23,161603,融通债券,1.015,1.45,0,0.00%,历史净值/走势图
735,2011/8/23,150006,长盛同庆A,1.128,1.128,0,0.00%,历史净值/走势图
736,2011/8/23,395012,中海增强收益债C,0.983,0.983,0,0.00%,历史净值/走势图
737,2011/8/23,217003,招商安泰债券A,1.0674,1.5339,0,0.00%,历史净值/走势图
738,2011/8/23,150020,富国汇利债A,1.037,1.037,0,0.00%,历史净值/走势图
739,2011/8/23,400009,东方稳健回报,1.018,1.088,0,0.00%,历史净值/走势图
740,2011/8/23,121007,国投瑞福优先,0.946,1.001,0,0.00%,历史净值/走势图
741,2011/8/23,217203,招商安泰债券B,1.0892,1.5057,0,0.00%,历史净值/走势图
742,2011/8/23,371020,上投纯债A,1.029,1.029,0,0.00%,历史净值/走势图
743,2011/8/23,291007,泰信增强收益C,1.0002,1.0462,-0.0001,-0.01%,历史净值/走势图
744,2011/8/23,290007,泰信增强收益A,1.0047,1.0547,-0.0001,-0.01%,历史净值/走势图
745,2011/8/23,420102,天弘永利债券B,0.9859,1.1225,-0.0002,-0.02%,历史净值/走势图
746,2011/8/23,310318,申万盛利强化,0.9762,1.7672,-0.0002,-0.02%,历史净值/走势图
747,2011/8/23,420002,天弘永利债券A,0.9829,1.1078,-0.0003,-0.03%,历史净值/走势图
748,2011/8/23,160602,鹏华普天债券A,1.142,1.421,-0.001,-0.09%,历史净值/走势图
749,2011/8/23,160608,鹏华普天债券B,1.097,1.376,-0.001,-0.09%,历史净值/走势图
750,2011/8/23,320008,诺安增利债券A,1.031,1.046,-0.001,-0.10%,历史净值/走势图
751,2011/8/23,320009,诺安增利债券B,1.021,1.036,-0.001,-0.10%,历史净值/走势图
752,2011/8/23,290009,泰信周期回报债,1.003,1.003,-0.001,-0.10%,历史净值/走势图
753,2011/8/23,164808,工银四季收益债,0.987,1.001,-0.001,-0.10%,历史净值/走势图
754,2011/8/23,630007,华商稳健双利A,0.983,0.983,-0.001,-0.10%,历史净值/走势图
755,2011/8/23,200013,长城积极增利债A,0.978,0.978,-0.001,-0.10%,历史净值/走势图
756,2011/8/23,150027,天弘添利分级债B,0.943,0.943,-0.001,-0.11%,历史净值/走势图
757,2011/8/23,240004,华宝动力组合,0.9018,3.4118,-0.0013,-0.14%,历史净值/走势图
758,2011/8/23,270009,广发增强债券,1.031,1.211,-0.002,-0.19%,历史净值/走势图
759,2011/8/23,160612,鹏华丰收债券,1.031,1.251,-0.002,-0.19%,历史净值/走势图
760,2011/8/23,150041,富国天盈分级债B,0.972,0.972,-0.002,-0.21%,历史净值/走势图
761,2011/8/23,630002,华商盛世成长,2.1219,2.3869,-0.0137,-0.64%,历史净值/走势图
762,2011/8/23,630008,华商策略精选,0.89,0.89,-0.006,-0.67%,历史净值/走势图
763,2011/8/23,270021,广发聚瑞股票,1.193,1.193,-0.009,-0.75%,历史净值/走势图
764,2011/8/23,270008,广发核心精选,1.639,1.849,-0.015,-0.91%,历史净值/走势图
